{
  "type": "com.loohp.imageframe.objectholders.URLStaticImageMap",
  "index": 1,
  "name": "flecha",
  "url": "https://th.bing.com/th/id/OIP.4RVF7Pp7-y_ltqSqoC7sSwHaHa?rs\u003d1\u0026pid\u003dImgDetMain",
  "width": 3,
  "height": 2,
  "ditheringType": "nearest-color",
  "creator": "97cc73d8-848f-38d1-a344-2464e05bcc6c",
  "hasAccess": {},
  "creationTime": 1725835078377,
  "mapdata": [
    {
      "mapid": 12,
      "image": "0.png",
      "markers": []
    },
    {
      "mapid": 13,
      "image": "1.png",
      "markers": []
    },
    {
      "mapid": 14,
      "image": "2.png",
      "markers": []
    },
    {
      "mapid": 15,
      "image": "3.png",
      "markers": []
    },
    {
      "mapid": 16,
      "image": "4.png",
      "markers": []
    },
    {
      "mapid": 17,
      "image": "5.png",
      "markers": []
    }
  ]
}
