{"stats":{"minecraft:used":{"minecraft:oak_fence":15,"minecraft:dark_oak_stairs":47,"minecraft:iron_bars":3,"minecraft:soul_sand":5,"minecraft:dark_oak_log":26,"minecraft:flint_and_steel":6,"minecraft:furnace":1,"minecraft:lantern":12,"minecraft:spruce_slab":1,"minecraft:dark_oak_fence":31,"minecraft:chain":13,"minecraft:black_candle":12,"minecraft:chest":5,"minecraft:dark_oak_slab":1},"minecraft:picked_up":{"minecraft:cobweb":12},"minecraft:custom":{"minecraft:open_barrel":3,"minecraft:time_since_rest":40414,"minecraft:open_chest":23,"minecraft:crouch_one_cm":105,"minecraft:sprint_one_cm":15940,"minecraft:play_time":40414,"minecraft:walk_one_cm":90141,"minecraft:sneak_time":295,"minecraft:trigger_trapped_chest":1,"minecraft:jump":74,"minecraft:leave_game":2,"minecraft:time_since_death":40414,"minecraft:walk_on_water_one_cm":259,"minecraft:total_world_time":40414,"minecraft:fall_one_cm":209,"minecraft:fly_one_cm":85867}},"DataVersion":3955}