{"stats":{"minecraft:used":{"minecraft:oak_fence":15,"minecraft:dark_oak_stairs":47,"minecraft:iron_bars":3,"minecraft:soul_sand":5,"minecraft:dark_oak_log":26,"minecraft:flint_and_steel":6,"minecraft:lantern":12,"minecraft:furnace":1,"minecraft:spruce_slab":1,"minecraft:dark_oak_fence":31,"minecraft:chain":13,"minecraft:black_candle":12,"minecraft:chest":5,"minecraft:dark_oak_slab":1,"minecraft:cobweb":1},"minecraft:picked_up":{"minecraft:cobweb":12},"minecraft:custom":{"minecraft:open_barrel":3,"minecraft:time_since_rest":49653,"minecraft:open_chest":39,"minecraft:crouch_one_cm":105,"minecraft:play_time":49653,"minecraft:sprint_one_cm":17195,"minecraft:walk_one_cm":93822,"minecraft:trigger_trapped_chest":1,"minecraft:sneak_time":295,"minecraft:jump":80,"minecraft:leave_game":4,"minecraft:walk_on_water_one_cm":259,"minecraft:time_since_death":49653,"minecraft:total_world_time":49653,"minecraft:fall_one_cm":209,"minecraft:fly_one_cm":132666}},"DataVersion":3955}