{"stats":{"minecraft:used":{"minecraft:oak_fence":3,"minecraft:chest":3,"minecraft:dark_oak_slab":1,"minecraft:lantern":5,"minecraft:spruce_slab":1},"minecraft:picked_up":{"minecraft:cobweb":12},"minecraft:custom":{"minecraft:jump":29,"minecraft:open_chest":16,"minecraft:time_since_rest":18690,"minecraft:crouch_one_cm":23,"minecraft:play_time":18690,"minecraft:leave_game":1,"minecraft:sprint_one_cm":5896,"minecraft:walk_on_water_one_cm":259,"minecraft:time_since_death":18690,"minecraft:walk_one_cm":16951,"minecraft:sneak_time":80,"minecraft:total_world_time":18690,"minecraft:fall_one_cm":209,"minecraft:fly_one_cm":17014}},"DataVersion":3955}