{"stats":{"minecraft:used":{"minecraft:chest":1},"minecraft:picked_up":{"minecraft:cobweb":12},"minecraft:custom":{"minecraft:jump":20,"minecraft:open_chest":4,"minecraft:time_since_rest":6690,"minecraft:play_time":6690,"minecraft:leave_game":1,"minecraft:sprint_one_cm":3713,"minecraft:walk_on_water_one_cm":259,"minecraft:time_since_death":6690,"minecraft:walk_one_cm":8274,"minecraft:sneak_time":42,"minecraft:total_world_time":6690,"minecraft:fall_one_cm":209,"minecraft:fly_one_cm":9871}},"DataVersion":3955}