{"stats":{"minecraft:used":{"minecraft:oak_fence":14,"minecraft:dark_oak_stairs":47,"minecraft:soul_sand":5,"minecraft:dark_oak_log":25,"minecraft:flint_and_steel":6,"minecraft:lantern":12,"minecraft:spruce_slab":1,"minecraft:dark_oak_fence":31,"minecraft:chain":13,"minecraft:black_candle":12,"minecraft:chest":5,"minecraft:dark_oak_slab":1},"minecraft:picked_up":{"minecraft:cobweb":12},"minecraft:custom":{"minecraft:time_since_rest":30690,"minecraft:open_chest":17,"minecraft:crouch_one_cm":47,"minecraft:sprint_one_cm":9817,"minecraft:play_time":30690,"minecraft:walk_one_cm":72690,"minecraft:sneak_time":250,"minecraft:jump":55,"minecraft:leave_game":1,"minecraft:time_since_death":30690,"minecraft:walk_on_water_one_cm":259,"minecraft:total_world_time":30690,"minecraft:fall_one_cm":209,"minecraft:fly_one_cm":35459}},"DataVersion":3955}