{"stats":{"minecraft:mined":{"minecraft:calibrated_sculk_sensor":1},"minecraft:custom":{"minecraft:open_barrel":2,"minecraft:open_chest":10,"minecraft:time_since_rest":89590,"minecraft:strider_one_cm":2784,"minecraft:crouch_one_cm":3327,"minecraft:sprint_one_cm":31081,"minecraft:play_time":89590,"minecraft:damage_taken":60,"minecraft:walk_one_cm":153397,"minecraft:sneak_time":1358,"minecraft:trigger_trapped_chest":3,"minecraft:walk_under_water_one_cm":85,"minecraft:interact_with_anvil":1,"minecraft:interact_with_lectern":3,"minecraft:jump":266,"minecraft:leave_game":1,"minecraft:walk_on_water_one_cm":256,"minecraft:time_since_death":89590,"minecraft:total_world_time":89590,"minecraft:fall_one_cm":2559,"minecraft:fly_one_cm":189517},"minecraft:picked_up":{"minecraft:torchflower":1},"minecraft:used":{"minecraft:torch":9,"minecraft:torchflower":6,"minecraft:crying_obsidian":1,"minecraft:strider_spawn_egg":1,"minecraft:pitcher_plant":5,"minecraft:wind_charge":1,"minecraft:grass_block":24,"minecraft:barrier":5,"minecraft:magenta_glazed_terracotta":1,"minecraft:mangrove_sign":4,"minecraft:redstone_block":1,"minecraft:bone_meal":2,"minecraft:glow_ink_sac":3,"minecraft:calibrated_sculk_sensor":4}},"DataVersion":3955}