{"stats":{"minecraft:killed":{"minecraft:strider":1},"minecraft:dropped":{"minecraft:stone_button":1,"minecraft:iron_axe":2},"minecraft:picked_up":{"minecraft:birch_log":7,"minecraft:stick":2,"minecraft:torchflower":1,"minecraft:oak_log":14,"minecraft:mangrove_sign":1,"minecraft:spruce_log":13,"minecraft:redstone":1,"minecraft:string":3,"minecraft:dark_oak_planks":4,"minecraft:iron_axe":2,"minecraft:wheat_seeds":15,"minecraft:end_rod":1,"minecraft:saddle":1,"minecraft:dark_oak_stairs":1},"minecraft:killed_by":{"minecraft:vindicator":2},"minecraft:mined":{"minecraft:dark_oak_planks":4,"minecraft:birch_log":7,"minecraft:spruce_log":13,"minecraft:dark_oak_stairs":1,"minecraft:oak_log":14,"minecraft:end_rod":1,"minecraft:calibrated_sculk_sensor":1,"minecraft:spruce_leaves":1,"minecraft:oak_leaves":7,"minecraft:fern":1,"minecraft:large_fern":1},"minecraft:crafted":{"minecraft:dark_oak_pressure_plate":2,"minecraft:crafting_table":1,"minecraft:spruce_planks":52,"minecraft:stick":4,"minecraft:spruce_pressure_plate":1},"minecraft:custom":{"minecraft:time_since_rest":651,"minecraft:interact_with_smithing_table":1,"minecraft:sprint_one_cm":90049,"minecraft:damage_taken":927,"minecraft:walk_one_cm":345721,"minecraft:trigger_trapped_chest":8,"minecraft:mob_kills":1,"minecraft:interact_with_anvil":1,"minecraft:drop":3,"minecraft:damage_dealt":260,"minecraft:talked_to_villager":1,"minecraft:fly_one_cm":371782,"minecraft:open_barrel":7,"minecraft:open_chest":43,"minecraft:strider_one_cm":2784,"minecraft:crouch_one_cm":4908,"minecraft:play_time":160583,"minecraft:deaths":3,"minecraft:sneak_time":3041,"minecraft:walk_under_water_one_cm":5987,"minecraft:interact_with_lectern":17,"minecraft:jump":449,"minecraft:leave_game":4,"minecraft:time_since_death":493,"minecraft:walk_on_water_one_cm":2231,"minecraft:total_world_time":160583,"minecraft:fall_one_cm":7670},"minecraft:used":{"minecraft:water_bucket":1,"minecraft:end_rod":1,"minecraft:writable_book":3,"minecraft:mace":1,"minecraft:torchflower":6,"minecraft:crying_obsidian":4,"minecraft:warped_fungus_on_a_stick":1,"minecraft:iron_axe":40,"minecraft:command_block":1,"minecraft:melon_slice":6,"minecraft:wind_charge":1,"minecraft:grass_block":31,"minecraft:redstone":5,"minecraft:barrier":5,"minecraft:stone_button":1,"minecraft:spruce_pressure_plate":1,"minecraft:spruce_planks":23,"minecraft:redstone_block":2,"minecraft:glow_ink_sac":4,"minecraft:calibrated_sculk_sensor":5,"minecraft:torch":9,"minecraft:golden_sword":5,"minecraft:target":2,"minecraft:strider_spawn_egg":1,"minecraft:pitcher_plant":5,"minecraft:magenta_glazed_terracotta":1,"minecraft:stone_pressure_plate":11,"minecraft:mangrove_sign":5,"minecraft:bone_meal":2}},"DataVersion":3955}