{"stats":{"minecraft:mined":{"minecraft:calibrated_sculk_sensor":1},"minecraft:custom":{"minecraft:open_chest":3,"minecraft:time_since_rest":71610,"minecraft:crouch_one_cm":2596,"minecraft:play_time":71610,"minecraft:sprint_one_cm":10927,"minecraft:walk_one_cm":95440,"minecraft:sneak_time":1224,"minecraft:trigger_trapped_chest":2,"minecraft:walk_under_water_one_cm":85,"minecraft:interact_with_lectern":2,"minecraft:jump":173,"minecraft:time_since_death":71610,"minecraft:walk_on_water_one_cm":256,"minecraft:total_world_time":71610,"minecraft:fly_one_cm":165003,"minecraft:fall_one_cm":269},"minecraft:used":{"minecraft:torchflower":6,"minecraft:crying_obsidian":1,"minecraft:pitcher_plant":5,"minecraft:wind_charge":1,"minecraft:grass_block":24,"minecraft:barrier":5,"minecraft:magenta_glazed_terracotta":1,"minecraft:redstone_block":1,"minecraft:mangrove_sign":3,"minecraft:bone_meal":2,"minecraft:glow_ink_sac":3,"minecraft:calibrated_sculk_sensor":2},"minecraft:picked_up":{"minecraft:torchflower":1}},"DataVersion":3955}