{"stats":{"minecraft:mined":{"minecraft:calibrated_sculk_sensor":1},"minecraft:custom":{"minecraft:open_chest":7,"minecraft:time_since_rest":77590,"minecraft:crouch_one_cm":3327,"minecraft:sprint_one_cm":18250,"minecraft:play_time":77590,"minecraft:walk_one_cm":110849,"minecraft:sneak_time":1358,"minecraft:trigger_trapped_chest":2,"minecraft:walk_under_water_one_cm":85,"minecraft:interact_with_anvil":1,"minecraft:interact_with_lectern":2,"minecraft:jump":235,"minecraft:leave_game":1,"minecraft:walk_on_water_one_cm":256,"minecraft:time_since_death":77590,"minecraft:total_world_time":77590,"minecraft:fall_one_cm":896,"minecraft:fly_one_cm":185363},"minecraft:picked_up":{"minecraft:torchflower":1},"minecraft:used":{"minecraft:torch":9,"minecraft:torchflower":6,"minecraft:crying_obsidian":1,"minecraft:pitcher_plant":5,"minecraft:wind_charge":1,"minecraft:grass_block":24,"minecraft:barrier":5,"minecraft:magenta_glazed_terracotta":1,"minecraft:mangrove_sign":4,"minecraft:redstone_block":1,"minecraft:bone_meal":2,"minecraft:glow_ink_sac":3,"minecraft:calibrated_sculk_sensor":2}},"DataVersion":3955}