{"stats":{"minecraft:custom":{"minecraft:jump":89,"minecraft:time_since_rest":41610,"minecraft:crouch_one_cm":2069,"minecraft:sprint_one_cm":9405,"minecraft:play_time":41610,"minecraft:walk_on_water_one_cm":256,"minecraft:time_since_death":41610,"minecraft:walk_one_cm":28141,"minecraft:sneak_time":1004,"minecraft:walk_under_water_one_cm":85,"minecraft:total_world_time":41610,"minecraft:fly_one_cm":146111},"minecraft:used":{"minecraft:torchflower":6,"minecraft:mangrove_sign":2,"minecraft:bone_meal":2,"minecraft:pitcher_plant":5,"minecraft:glow_ink_sac":3,"minecraft:grass_block":20},"minecraft:picked_up":{"minecraft:torchflower":1}},"DataVersion":3955}