{"stats":{"minecraft:killed":{"minecraft:strider":1},"minecraft:picked_up":{"minecraft:torchflower":1,"minecraft:mangrove_sign":1,"minecraft:spruce_log":2,"minecraft:redstone":1,"minecraft:string":3,"minecraft:dark_oak_planks":4,"minecraft:saddle":1,"minecraft:dark_oak_stairs":1},"minecraft:dropped":{"minecraft:stone_button":1},"minecraft:mined":{"minecraft:dark_oak_planks":4,"minecraft:spruce_log":2,"minecraft:dark_oak_stairs":1,"minecraft:calibrated_sculk_sensor":1},"minecraft:crafted":{"minecraft:dark_oak_pressure_plate":2,"minecraft:crafting_table":1,"minecraft:spruce_planks":8,"minecraft:stick":4,"minecraft:spruce_pressure_plate":1},"minecraft:custom":{"minecraft:time_since_rest":148583,"minecraft:sprint_one_cm":68271,"minecraft:damage_taken":96,"minecraft:walk_one_cm":281989,"minecraft:trigger_trapped_chest":7,"minecraft:mob_kills":1,"minecraft:interact_with_anvil":1,"minecraft:drop":1,"minecraft:damage_dealt":180,"minecraft:talked_to_villager":1,"minecraft:fly_one_cm":368551,"minecraft:open_barrel":3,"minecraft:open_chest":37,"minecraft:strider_one_cm":2784,"minecraft:crouch_one_cm":4908,"minecraft:play_time":148583,"minecraft:sneak_time":3041,"minecraft:walk_under_water_one_cm":85,"minecraft:interact_with_lectern":15,"minecraft:jump":416,"minecraft:leave_game":4,"minecraft:time_since_death":148583,"minecraft:walk_on_water_one_cm":256,"minecraft:total_world_time":148583,"minecraft:fall_one_cm":3726},"minecraft:used":{"minecraft:writable_book":3,"minecraft:mace":1,"minecraft:torchflower":6,"minecraft:crying_obsidian":4,"minecraft:warped_fungus_on_a_stick":1,"minecraft:command_block":1,"minecraft:wind_charge":1,"minecraft:grass_block":31,"minecraft:redstone":5,"minecraft:barrier":5,"minecraft:stone_button":1,"minecraft:spruce_pressure_plate":1,"minecraft:redstone_block":2,"minecraft:glow_ink_sac":4,"minecraft:calibrated_sculk_sensor":5,"minecraft:torch":9,"minecraft:target":2,"minecraft:strider_spawn_egg":1,"minecraft:pitcher_plant":5,"minecraft:magenta_glazed_terracotta":1,"minecraft:stone_pressure_plate":9,"minecraft:mangrove_sign":5,"minecraft:bone_meal":2}},"DataVersion":3955}