{"stats":{"minecraft:mined":{"minecraft:calibrated_sculk_sensor":1},"minecraft:killed":{"minecraft:strider":1},"minecraft:dropped":{"minecraft:stone_button":1},"minecraft:used":{"minecraft:crying_obsidian":4,"minecraft:torchflower":6,"minecraft:warped_fungus_on_a_stick":1,"minecraft:mace":1,"minecraft:command_block":1,"minecraft:wind_charge":1,"minecraft:grass_block":31,"minecraft:redstone":4,"minecraft:barrier":5,"minecraft:stone_button":1,"minecraft:redstone_block":2,"minecraft:glow_ink_sac":4,"minecraft:calibrated_sculk_sensor":5,"minecraft:torch":9,"minecraft:strider_spawn_egg":1,"minecraft:pitcher_plant":5,"minecraft:magenta_glazed_terracotta":1,"minecraft:stone_pressure_plate":5,"minecraft:mangrove_sign":5,"minecraft:bone_meal":2},"minecraft:picked_up":{"minecraft:torchflower":1,"minecraft:mangrove_sign":1,"minecraft:redstone":1,"minecraft:string":3,"minecraft:saddle":1},"minecraft:custom":{"minecraft:time_since_rest":106510,"minecraft:sprint_one_cm":33441,"minecraft:damage_taken":60,"minecraft:walk_one_cm":172905,"minecraft:trigger_trapped_chest":3,"minecraft:mob_kills":1,"minecraft:interact_with_anvil":1,"minecraft:drop":1,"minecraft:damage_dealt":180,"minecraft:fly_one_cm":242142,"minecraft:open_barrel":2,"minecraft:open_chest":10,"minecraft:strider_one_cm":2784,"minecraft:crouch_one_cm":4607,"minecraft:play_time":106510,"minecraft:sneak_time":2339,"minecraft:walk_under_water_one_cm":85,"minecraft:interact_with_lectern":5,"minecraft:jump":316,"minecraft:time_since_death":106510,"minecraft:leave_game":2,"minecraft:walk_on_water_one_cm":256,"minecraft:total_world_time":106510,"minecraft:fall_one_cm":2559}},"DataVersion":3955}