{"stats":{"minecraft:killed":{"minecraft:strider":1},"minecraft:dropped":{"minecraft:stone_button":1,"minecraft:iron_axe":2},"minecraft:picked_up":{"minecraft:birch_log":7,"minecraft:torchflower":1,"minecraft:oak_log":14,"minecraft:string":3,"minecraft:iron_axe":2,"minecraft:wheat_seeds":16,"minecraft:dark_oak_stairs":1,"minecraft:stick":2,"minecraft:mangrove_sign":1,"minecraft:spruce_log":13,"minecraft:redstone":1,"minecraft:dark_oak_planks":4,"minecraft:diamond":25,"minecraft:saddle":1,"minecraft:end_rod":1,"minecraft:cobblestone":1},"minecraft:killed_by":{"minecraft:vindicator":3},"minecraft:mined":{"minecraft:dark_oak_planks":4,"minecraft:diamond_ore":25,"minecraft:calibrated_sculk_sensor":1,"minecraft:spruce_leaves":1,"minecraft:large_fern":1,"minecraft:birch_log":7,"minecraft:spruce_log":13,"minecraft:dark_oak_stairs":1,"minecraft:oak_log":14,"minecraft:end_rod":1,"minecraft:stone":1,"minecraft:oak_leaves":7,"minecraft:fern":1},"minecraft:crafted":{"minecraft:oak_planks":12,"minecraft:dark_oak_pressure_plate":2,"minecraft:crafting_table":2,"minecraft:spruce_planks":52,"minecraft:spruce_pressure_plate":1,"minecraft:diamond_helmet":1,"minecraft:diamond_leggings":1,"minecraft:stick":4,"minecraft:diamond_boots":1,"minecraft:diamond_chestplate":1},"minecraft:custom":{"minecraft:interact_with_smithing_table":1,"minecraft:interact_with_anvil":1,"minecraft:mob_kills":1,"minecraft:interact_with_crafting_table":2,"minecraft:open_barrel":7,"minecraft:leave_game":5,"minecraft:time_since_death":1583,"minecraft:time_since_rest":1618,"minecraft:sprint_one_cm":100819,"minecraft:damage_taken":1669,"minecraft:walk_one_cm":361048,"minecraft:trigger_trapped_chest":8,"minecraft:drop":3,"minecraft:damage_dealt":440,"minecraft:talked_to_villager":1,"minecraft:fly_one_cm":375547,"minecraft:open_chest":43,"minecraft:strider_one_cm":2784,"minecraft:crouch_one_cm":4908,"minecraft:play_time":171817,"minecraft:deaths":6,"minecraft:sneak_time":3058,"minecraft:walk_under_water_one_cm":6258,"minecraft:interact_with_lectern":17,"minecraft:jump":511,"minecraft:walk_on_water_one_cm":5279,"minecraft:total_world_time":171817,"minecraft:fall_one_cm":9510},"minecraft:used":{"minecraft:water_bucket":1,"minecraft:end_rod":1,"minecraft:writable_book":3,"minecraft:torchflower":6,"minecraft:warped_fungus_on_a_stick":1,"minecraft:redstone":5,"minecraft:spruce_planks":44,"minecraft:redstone_block":2,"minecraft:glow_ink_sac":4,"minecraft:calibrated_sculk_sensor":5,"minecraft:torch":9,"minecraft:target":2,"minecraft:strider_spawn_egg":1,"minecraft:crafting_table":1,"minecraft:mangrove_sign":5,"minecraft:crying_obsidian":4,"minecraft:mace":1,"minecraft:command_block":1,"minecraft:wind_charge":1,"minecraft:grass_block":31,"minecraft:iron_axe":40,"minecraft:melon_slice":6,"minecraft:barrier":5,"minecraft:stone_button":1,"minecraft:iron_pickaxe":26,"minecraft:spruce_pressure_plate":1,"minecraft:golden_sword":26,"minecraft:pitcher_plant":5,"minecraft:magenta_glazed_terracotta":1,"minecraft:stone_pressure_plate":11,"minecraft:bone_meal":2}},"DataVersion":3955}