{"stats":{"minecraft:custom":{"minecraft:jump":85,"minecraft:time_since_rest":29610,"minecraft:crouch_one_cm":1928,"minecraft:sprint_one_cm":8504,"minecraft:play_time":29610,"minecraft:walk_on_water_one_cm":256,"minecraft:time_since_death":29610,"minecraft:walk_one_cm":23792,"minecraft:sneak_time":981,"minecraft:walk_under_water_one_cm":85,"minecraft:total_world_time":29610,"minecraft:fly_one_cm":144531},"minecraft:used":{"minecraft:torchflower":6,"minecraft:mangrove_sign":2,"minecraft:bone_meal":2,"minecraft:pitcher_plant":5,"minecraft:glow_ink_sac":3,"minecraft:grass_block":20},"minecraft:picked_up":{"minecraft:torchflower":1}},"DataVersion":3955}