{"stats":{"minecraft:picked_up":{"minecraft:stone_button":4},"minecraft:used":{"minecraft:chain_command_block":1,"minecraft:stone_button":5,"minecraft:jungle_log":6,"minecraft:trapped_chest":1,"minecraft:command_block":4},"minecraft:custom":{"minecraft:jump":36,"minecraft:time_since_rest":32843,"minecraft:crouch_one_cm":137,"minecraft:sprint_one_cm":1294,"minecraft:leave_game":4,"minecraft:play_time":32843,"minecraft:time_since_death":32843,"minecraft:walk_one_cm":5677,"minecraft:sneak_time":319,"minecraft:total_world_time":32843,"minecraft:fly_one_cm":40007}},"DataVersion":3463}