{"stats":{"minecraft:used":{"minecraft:jungle_log":6,"minecraft:trapped_chest":1,"minecraft:chain_command_block":1,"minecraft:stone_button":5,"minecraft:command_block":5},"minecraft:picked_up":{"minecraft:stone_button":4},"minecraft:custom":{"minecraft:jump":38,"minecraft:time_since_rest":38843,"minecraft:crouch_one_cm":137,"minecraft:play_time":38843,"minecraft:leave_game":4,"minecraft:sprint_one_cm":1408,"minecraft:time_since_death":38843,"minecraft:walk_one_cm":5787,"minecraft:sneak_time":370,"minecraft:total_world_time":38843,"minecraft:fly_one_cm":57054}},"DataVersion":3463}