{"stats":{"minecraft:used":{"minecraft:bedrock":151,"minecraft:firework_rocket":30,"minecraft:crying_obsidian":11,"minecraft:flint_and_steel":1,"minecraft:grass_block":7,"minecraft:gold_block":6},"minecraft:custom":{"minecraft:time_since_rest":37460,"minecraft:crouch_one_cm":1047,"minecraft:sprint_one_cm":7565,"minecraft:play_time":50898,"minecraft:deaths":1,"minecraft:damage_taken":50,"minecraft:walk_one_cm":22561,"minecraft:sneak_time":2832,"minecraft:walk_under_water_one_cm":1496,"minecraft:drop":1,"minecraft:aviate_one_cm":318649,"minecraft:jump":170,"minecraft:leave_game":1,"minecraft:walk_on_water_one_cm":402,"minecraft:time_since_death":37426,"minecraft:total_world_time":50898,"minecraft:fall_one_cm":752,"minecraft:fly_one_cm":468104},"minecraft:dropped":{"minecraft:grass_block":1}},"DataVersion":3955}