{"stats":{"minecraft:crafted":{"minecraft:leather_leggings":3,"minecraft:leather_boots":3},"minecraft:picked_up":{"minecraft:wooden_axe":1,"minecraft:black_carpet":6,"minecraft:item_frame":6,"minecraft:white_carpet":1,"minecraft:comparator":2,"minecraft:redstone_torch":4,"minecraft:iron_pickaxe":1,"minecraft:crimson_sign":1,"minecraft:tipped_arrow":2,"minecraft:torch":2,"minecraft:stone_button":6,"minecraft:mangrove_sign":1,"minecraft:redstone":53,"minecraft:stone_pressure_plate":2,"minecraft:rotten_flesh":1,"minecraft:arrow":1,"minecraft:repeating_command_block":1,"minecraft:saddle":6,"minecraft:totem_of_undying":1,"minecraft:netherite_chestplate":1,"minecraft:iron_bars":1,"minecraft:cobblestone":39,"minecraft:netherite_boots":1,"minecraft:barrier":1,"minecraft:repeater":2,"minecraft:iron_door":2,"minecraft:filled_map":3,"minecraft:netherite_leggings":1,"minecraft:red_carpet":13,"minecraft:bone":1,"minecraft:wheat_seeds":7,"minecraft:book":9,"minecraft:scaffolding":41,"minecraft:lime_terracotta":2,"minecraft:amethyst_shard":8,"minecraft:spruce_sapling":6,"minecraft:grass_block":1,"minecraft:crossbow":1,"minecraft:netherite_helmet":1,"minecraft:lever":1,"minecraft:polished_blackstone_button":1,"minecraft:granite":59,"minecraft:golden_apple":2,"minecraft:emerald":1,"minecraft:oak_button":7},"minecraft:killed_by":{"minecraft:ravager":1},"minecraft:mined":{"minecraft:lever":1,"minecraft:granite":61,"minecraft:stone_button":2,"minecraft:calibrated_sculk_sensor":1,"minecraft:polished_blackstone_button":1,"minecraft:stone":39,"minecraft:sculk_sensor":3,"minecraft:oak_button":1},"minecraft:killed":{"minecraft:evoker":1,"minecraft:vindicator":3,"minecraft:spider":1,"minecraft:skeleton":2,"minecraft:illusioner":1,"minecraft:wandering_trader":1,"minecraft:strider":1,"minecraft:ravager":6,"minecraft:creeper":3,"minecraft:pillager":4,"minecraft:zombie":1,"minecraft:villager":10},"minecraft:custom":{"minecraft:interact_with_smithing_table":1,"minecraft:interact_with_anvil":22,"minecraft:mob_kills":36,"minecraft:interact_with_crafting_table":1,"minecraft:open_barrel":37,"minecraft:leave_game":20,"minecraft:time_since_death":8304,"minecraft:climb_one_cm":1009,"minecraft:sprint_one_cm":308353,"minecraft:walk_one_cm":1754594,"minecraft:drop":57,"minecraft:talked_to_villager":30,"minecraft:strider_one_cm":5531,"minecraft:play_time":1477885,"minecraft:sneak_time":52040,"minecraft:deaths":3,"minecraft:walk_under_water_one_cm":11583,"minecraft:interact_with_lectern":17,"minecraft:jump":4675,"minecraft:interact_with_blast_furnace":5,"minecraft:walk_on_water_one_cm":14425,"minecraft:total_world_time":1477885,"minecraft:interact_with_furnace":1,"minecraft:time_since_rest":8330,"minecraft:damage_taken":1138,"minecraft:damage_absorbed":129,"minecraft:trigger_trapped_chest":26,"minecraft:damage_dealt":12346,"minecraft:swim_one_cm":21,"minecraft:fly_one_cm":7184472,"minecraft:open_chest":111,"minecraft:crouch_one_cm":69769,"minecraft:aviate_one_cm":2854265,"minecraft:fall_one_cm":4077},"minecraft:dropped":{"minecraft:bread":128,"minecraft:repeating_command_block":1,"minecraft:cobbled_deepslate_stairs":1,"minecraft:netherite_helmet":1,"minecraft:netherite_chestplate":1,"minecraft:lime_terracotta":2,"minecraft:barrier":1,"minecraft:cobblestone":39,"minecraft:command_block":1,"minecraft:saddle":3,"minecraft:elytra":1,"minecraft:grass_block":5,"minecraft:golden_apple":2,"minecraft:coal_block":24,"minecraft:red_carpet":1,"minecraft:cobweb":63,"minecraft:dirt":1,"minecraft:deepslate_brick_stairs":1,"minecraft:polished_blackstone_pressure_plate":1,"minecraft:torch":2,"minecraft:wooden_axe":1,"minecraft:netherite_boots":1,"minecraft:amethyst_shard":2,"minecraft:glistering_melon_slice":50,"minecraft:iron_pickaxe":2,"minecraft:string":55,"minecraft:redstone_block":1,"minecraft:redstone":1,"minecraft:sticky_piston":1,"minecraft:villager_spawn_egg":1,"minecraft:dirt_path":1,"minecraft:mangrove_sign":1,"minecraft:netherite_leggings":1,"minecraft:wind_charge":52,"minecraft:filled_map":3,"minecraft:birch_door":1,"minecraft:redstone_torch":1,"minecraft:stone_pressure_plate":2,"minecraft:iron_bars":2,"minecraft:scaffolding":1,"minecraft:podzol":1,"minecraft:firework_rocket":1},"minecraft:used":{"minecraft:oak_fence":3,"minecraft:trident":9,"minecraft:netherite_sword":8,"minecraft:iron_bars":97,"minecraft:writable_book":29,"minecraft:enchanting_table":1,"minecraft:flint_and_steel":249,"minecraft:armor_stand":7,"minecraft:redstone":313,"minecraft:elytra":2,"minecraft:oak_sign":2,"minecraft:light_gray_carpet":1,"minecraft:black_carpet":10,"minecraft:chest":33,"minecraft:stone":98,"minecraft:warped_sign":11,"minecraft:wooden_shovel":1,"minecraft:bubble_coral":1,"minecraft:mangrove_hanging_sign":1,"minecraft:netherrack":4,"minecraft:sculk_sensor":4,"minecraft:oak_door":2,"minecraft:dirt":270,"minecraft:anvil":11,"minecraft:target":8,"minecraft:deepslate_brick_slab":1,"minecraft:golden_shovel":72,"minecraft:tuff":3,"minecraft:obsidian":9,"minecraft:birch_door":2,"minecraft:glass":83,"minecraft:wooden_axe":16,"minecraft:stone_brick_slab":4,"minecraft:ravager_spawn_egg":5,"minecraft:dark_oak_planks":31,"minecraft:honeycomb":1,"minecraft:coal_ore":29,"minecraft:bookshelf":19,"minecraft:villager_spawn_egg":14,"minecraft:grass_block":1217,"minecraft:light_weighted_pressure_plate":1,"minecraft:spruce_button":2,"minecraft:spawner":20,"minecraft:red_candle":4,"minecraft:dark_oak_slab":2,"minecraft:totem_of_undying":1,"minecraft:stone_brick_stairs":4,"minecraft:barrel":21,"minecraft:stone_bricks":90,"minecraft:item_frame":26,"minecraft:bedrock":290,"minecraft:birch_button":2,"minecraft:repeater":17,"minecraft:purple_concrete":1,"minecraft:glowstone":280,"minecraft:red_carpet":8,"minecraft:bow":1,"minecraft:hay_block":53,"minecraft:written_book":9,"minecraft:scaffolding":57,"minecraft:pitcher_plant":3,"minecraft:podzol":27,"minecraft:gold_block":6,"minecraft:trapped_chest":8,"minecraft:stone_pressure_plate":52,"minecraft:mossy_stone_bricks":8,"minecraft:dark_oak_stairs":2,"minecraft:water_bucket":18,"minecraft:chiseled_bookshelf":3,"minecraft:end_rod":30,"minecraft:amethyst_block":7,"minecraft:torchflower":3,"minecraft:dirt_path":3,"minecraft:pink_glazed_terracotta":1,"minecraft:spruce_door":6,"minecraft:witch_spawn_egg":15,"minecraft:ender_pearl":5,"minecraft:mossy_stone_brick_stairs":29,"minecraft:sandstone":15,"minecraft:purple_glazed_terracotta":13,"minecraft:brown_mushroom":1,"minecraft:redstone_block":85,"minecraft:diamond_axe":2,"minecraft:glow_ink_sac":34,"minecraft:vindicator_spawn_egg":19,"minecraft:calibrated_sculk_sensor":6,"minecraft:cracked_stone_bricks":75,"minecraft:large_amethyst_bud":5,"minecraft:polished_blackstone_pressure_plate":1,"minecraft:golden_apple":2,"minecraft:mossy_cobblestone":63,"minecraft:diamond_block":6,"minecraft:lime_terracotta":1,"minecraft:comparator":14,"minecraft:yellow_terracotta":3,"minecraft:strider_spawn_egg":1,"minecraft:tnt":3,"minecraft:crafting_table":1,"minecraft:red_mushroom":4,"minecraft:blast_furnace":12,"minecraft:crossbow":1,"minecraft:campfire":4,"minecraft:mangrove_sign":22,"minecraft:cobbled_deepslate_stairs":64,"minecraft:spruce_log":167,"minecraft:deepslate_brick_stairs":5,"minecraft:book":11,"minecraft:amethyst_cluster":44,"minecraft:redstone_torch":17,"minecraft:oak_log":33,"minecraft:sticky_piston":16,"minecraft:piston":1,"minecraft:lever":1,"minecraft:blue_glazed_terracotta":1,"minecraft:black_concrete":5,"minecraft:firework_rocket":168,"minecraft:crying_obsidian":509,"minecraft:mace":5,"minecraft:stripped_jungle_log":17,"minecraft:command_block":53,"minecraft:wind_charge":18,"minecraft:heavy_weighted_pressure_plate":3,"minecraft:oak_button":26,"minecraft:barrier":135,"minecraft:iron_pickaxe":100,"minecraft:stone_button":44,"minecraft:netherite_axe":87,"minecraft:lectern":10,"minecraft:white_glazed_terracotta":13,"minecraft:iron_door":8,"minecraft:deepslate":341,"minecraft:cat_spawn_egg":19,"minecraft:crimson_sign":45,"minecraft:evoker_spawn_egg":4,"minecraft:coal_block":8,"minecraft:cobblestone":2,"minecraft:potion":1,"minecraft:end_crystal":4,"minecraft:white_banner":7,"minecraft:dark_oak_fence":90,"minecraft:smithing_table":2,"minecraft:medium_amethyst_bud":46,"minecraft:chain_command_block":65,"minecraft:black_candle":6,"minecraft:chain":21,"minecraft:glass_pane":7,"minecraft:magenta_glazed_terracotta":42,"minecraft:repeating_command_block":13,"minecraft:polished_blackstone_button":1,"minecraft:waxed_oxidized_copper_bulb":1,"minecraft:waxed_copper_bulb":29,"minecraft:splash_potion":1,"minecraft:pillager_spawn_egg":28,"minecraft:cobweb":35}},"DataVersion":3955}