{"stats":{"minecraft:custom":{"minecraft:time_since_rest":58027,"minecraft:crouch_one_cm":3702,"minecraft:sprint_one_cm":14747,"minecraft:play_time":71465,"minecraft:deaths":1,"minecraft:damage_taken":50,"minecraft:walk_one_cm":82867,"minecraft:sneak_time":4033,"minecraft:walk_under_water_one_cm":1496,"minecraft:mob_kills":2,"minecraft:drop":1,"minecraft:aviate_one_cm":329875,"minecraft:jump":344,"minecraft:damage_dealt":260,"minecraft:leave_game":3,"minecraft:walk_on_water_one_cm":484,"minecraft:time_since_death":57993,"minecraft:total_world_time":71465,"minecraft:fall_one_cm":752,"minecraft:fly_one_cm":626646},"minecraft:killed":{"minecraft:skeleton":1,"minecraft:creeper":1},"minecraft:picked_up":{"minecraft:bone":1,"minecraft:arrow":1},"minecraft:dropped":{"minecraft:grass_block":1},"minecraft:used":{"minecraft:stone_bricks":25,"minecraft:water_bucket":1,"minecraft:cracked_stone_bricks":30,"minecraft:bedrock":151,"minecraft:wooden_axe":4,"minecraft:mossy_cobblestone":34,"minecraft:dirt":5,"minecraft:firework_rocket":40,"minecraft:crying_obsidian":11,"minecraft:flint_and_steel":245,"minecraft:grass_block":401,"minecraft:gold_block":6}},"DataVersion":3955}