{"stats":{"minecraft:used":{"minecraft:jungle_log":6,"minecraft:trapped_chest":1,"minecraft:chain_command_block":1,"minecraft:stone_button":5,"minecraft:command_block":5},"minecraft:picked_up":{"minecraft:stone_button":4},"minecraft:custom":{"minecraft:jump":44,"minecraft:time_since_rest":55016,"minecraft:crouch_one_cm":186,"minecraft:play_time":55016,"minecraft:leave_game":5,"minecraft:sprint_one_cm":1497,"minecraft:time_since_death":55016,"minecraft:walk_one_cm":7072,"minecraft:sneak_time":558,"minecraft:total_world_time":55016,"minecraft:fly_one_cm":72309}},"DataVersion":3463}