{"stats":{"minecraft:used":{"minecraft:bedrock":151,"minecraft:wooden_axe":3,"minecraft:dirt":5,"minecraft:firework_rocket":40,"minecraft:crying_obsidian":11,"minecraft:flint_and_steel":245,"minecraft:grass_block":383,"minecraft:gold_block":6},"minecraft:killed":{"minecraft:creeper":1},"minecraft:custom":{"minecraft:time_since_rest":52112,"minecraft:crouch_one_cm":2361,"minecraft:sprint_one_cm":13901,"minecraft:play_time":65550,"minecraft:deaths":1,"minecraft:damage_taken":50,"minecraft:walk_one_cm":64674,"minecraft:sneak_time":3765,"minecraft:walk_under_water_one_cm":1496,"minecraft:mob_kills":1,"minecraft:drop":1,"minecraft:aviate_one_cm":328771,"minecraft:jump":303,"minecraft:damage_dealt":200,"minecraft:leave_game":3,"minecraft:walk_on_water_one_cm":402,"minecraft:time_since_death":52078,"minecraft:total_world_time":65550,"minecraft:fall_one_cm":752,"minecraft:fly_one_cm":618142},"minecraft:dropped":{"minecraft:grass_block":1}},"DataVersion":3955}