{"stats":{"minecraft:custom":{"minecraft:time_since_rest":202726,"minecraft:sprint_one_cm":43491,"minecraft:damage_taken":60,"minecraft:walk_one_cm":195642,"minecraft:mob_kills":16,"minecraft:drop":3,"minecraft:damage_dealt":2737,"minecraft:talked_to_villager":30,"minecraft:fly_one_cm":966817,"minecraft:crouch_one_cm":6436,"minecraft:play_time":216164,"minecraft:deaths":1,"minecraft:sneak_time":6563,"minecraft:walk_under_water_one_cm":1684,"minecraft:aviate_one_cm":366083,"minecraft:jump":928,"minecraft:leave_game":5,"minecraft:walk_on_water_one_cm":873,"minecraft:time_since_death":202692,"minecraft:climb_one_cm":1009,"minecraft:total_world_time":216164,"minecraft:fall_one_cm":2446},"minecraft:dropped":{"minecraft:repeating_command_block":1,"minecraft:grass_block":2},"minecraft:picked_up":{"minecraft:scaffolding":41,"minecraft:grass_block":1,"minecraft:redstone":8,"minecraft:bone":1,"minecraft:arrow":1,"minecraft:repeating_command_block":1,"minecraft:rotten_flesh":1,"minecraft:redstone_torch":1,"minecraft:oak_button":3},"minecraft:used":{"minecraft:redstone_torch":7,"minecraft:oak_fence":3,"minecraft:stone_brick_slab":2,"minecraft:wooden_axe":15,"minecraft:water_bucket":1,"minecraft:iron_bars":30,"minecraft:firework_rocket":40,"minecraft:crying_obsidian":20,"minecraft:stripped_jungle_log":17,"minecraft:flint_and_steel":245,"minecraft:command_block":4,"minecraft:grass_block":470,"minecraft:redstone":12,"minecraft:oak_button":11,"minecraft:barrier":20,"minecraft:netherite_axe":25,"minecraft:lectern":1,"minecraft:redstone_block":22,"minecraft:stone_bricks":50,"minecraft:cracked_stone_bricks":30,"minecraft:bedrock":189,"minecraft:mossy_cobblestone":36,"minecraft:dirt":5,"minecraft:scaffolding":57,"minecraft:white_banner":1,"minecraft:chain_command_block":13,"minecraft:gold_block":6,"minecraft:repeating_command_block":13},"minecraft:killed":{"minecraft:skeleton":1,"minecraft:zombie":1,"minecraft:spider":1,"minecraft:villager":10,"minecraft:creeper":2}},"DataVersion":3955}