{"stats":{"minecraft:used":{"minecraft:bedrock":151,"minecraft:firework_rocket":40,"minecraft:crying_obsidian":11,"minecraft:flint_and_steel":245,"minecraft:grass_block":378,"minecraft:gold_block":6},"minecraft:custom":{"minecraft:time_since_rest":48507,"minecraft:crouch_one_cm":1839,"minecraft:sprint_one_cm":13381,"minecraft:play_time":61945,"minecraft:deaths":1,"minecraft:damage_taken":50,"minecraft:walk_one_cm":54185,"minecraft:sneak_time":3588,"minecraft:walk_under_water_one_cm":1496,"minecraft:drop":1,"minecraft:aviate_one_cm":324364,"minecraft:jump":273,"minecraft:leave_game":2,"minecraft:walk_on_water_one_cm":402,"minecraft:time_since_death":48473,"minecraft:total_world_time":61945,"minecraft:fall_one_cm":752,"minecraft:fly_one_cm":587406},"minecraft:dropped":{"minecraft:grass_block":1}},"DataVersion":3955}