{"stats":{"minecraft:mined":{"minecraft:lever":1,"minecraft:granite":61,"minecraft:stone_button":2,"minecraft:calibrated_sculk_sensor":1,"minecraft:polished_blackstone_button":1,"minecraft:stone":39,"minecraft:sculk_sensor":3,"minecraft:oak_button":1},"minecraft:killed":{"minecraft:evoker":1,"minecraft:vindicator":2,"minecraft:spider":1,"minecraft:skeleton":2,"minecraft:illusioner":1,"minecraft:wandering_trader":1,"minecraft:strider":1,"minecraft:ravager":6,"minecraft:creeper":2,"minecraft:pillager":2,"minecraft:zombie":1,"minecraft:villager":10},"minecraft:dropped":{"minecraft:bread":128,"minecraft:repeating_command_block":1,"minecraft:netherite_chestplate":1,"minecraft:netherite_helmet":1,"minecraft:lime_terracotta":2,"minecraft:barrier":1,"minecraft:saddle":1,"minecraft:elytra":1,"minecraft:grass_block":2,"minecraft:wooden_axe":1,"minecraft:netherite_boots":1,"minecraft:amethyst_shard":2,"minecraft:iron_pickaxe":1,"minecraft:mangrove_sign":1,"minecraft:netherite_leggings":1,"minecraft:iron_bars":1},"minecraft:used":{"minecraft:oak_fence":3,"minecraft:trident":9,"minecraft:netherite_sword":8,"minecraft:enchanting_table":1,"minecraft:writable_book":4,"minecraft:iron_bars":91,"minecraft:flint_and_steel":249,"minecraft:armor_stand":7,"minecraft:redstone":282,"minecraft:elytra":2,"minecraft:oak_sign":2,"minecraft:light_gray_carpet":1,"minecraft:black_carpet":10,"minecraft:chest":32,"minecraft:stone":98,"minecraft:warped_sign":10,"minecraft:wooden_shovel":1,"minecraft:bubble_coral":1,"minecraft:mangrove_hanging_sign":1,"minecraft:netherrack":4,"minecraft:sculk_sensor":4,"minecraft:oak_door":2,"minecraft:dirt":254,"minecraft:anvil":9,"minecraft:target":8,"minecraft:deepslate_brick_slab":1,"minecraft:golden_shovel":72,"minecraft:obsidian":9,"minecraft:dark_oak_planks":5,"minecraft:glass":83,"minecraft:stone_brick_slab":4,"minecraft:ravager_spawn_egg":5,"minecraft:wooden_axe":16,"minecraft:honeycomb":1,"minecraft:coal_ore":29,"minecraft:bookshelf":19,"minecraft:villager_spawn_egg":11,"minecraft:light_weighted_pressure_plate":1,"minecraft:grass_block":1200,"minecraft:spruce_button":2,"minecraft:spawner":1,"minecraft:red_candle":4,"minecraft:totem_of_undying":1,"minecraft:stone_brick_stairs":4,"minecraft:barrel":21,"minecraft:stone_bricks":73,"minecraft:item_frame":26,"minecraft:bedrock":259,"minecraft:red_carpet":8,"minecraft:birch_button":2,"minecraft:purple_concrete":1,"minecraft:glowstone":271,"minecraft:repeater":17,"minecraft:hay_block":44,"minecraft:written_book":9,"minecraft:scaffolding":57,"minecraft:pitcher_plant":3,"minecraft:podzol":26,"minecraft:gold_block":6,"minecraft:trapped_chest":3,"minecraft:stone_pressure_plate":48,"minecraft:water_bucket":11,"minecraft:dark_oak_stairs":2,"minecraft:chiseled_bookshelf":3,"minecraft:mossy_stone_bricks":8,"minecraft:end_rod":30,"minecraft:amethyst_block":7,"minecraft:torchflower":3,"minecraft:dirt_path":3,"minecraft:pink_glazed_terracotta":1,"minecraft:spruce_door":6,"minecraft:witch_spawn_egg":3,"minecraft:ender_pearl":5,"minecraft:mossy_stone_brick_stairs":29,"minecraft:sandstone":15,"minecraft:purple_glazed_terracotta":13,"minecraft:brown_mushroom":1,"minecraft:redstone_block":85,"minecraft:diamond_axe":2,"minecraft:glow_ink_sac":16,"minecraft:vindicator_spawn_egg":9,"minecraft:calibrated_sculk_sensor":6,"minecraft:cracked_stone_bricks":75,"minecraft:large_amethyst_bud":5,"minecraft:golden_apple":2,"minecraft:mossy_cobblestone":63,"minecraft:diamond_block":6,"minecraft:lime_terracotta":1,"minecraft:comparator":14,"minecraft:yellow_terracotta":3,"minecraft:strider_spawn_egg":1,"minecraft:red_mushroom":4,"minecraft:blast_furnace":12,"minecraft:campfire":4,"minecraft:mangrove_sign":15,"minecraft:cobbled_deepslate_stairs":64,"minecraft:spruce_log":165,"minecraft:book":11,"minecraft:deepslate_brick_stairs":5,"minecraft:amethyst_cluster":44,"minecraft:redstone_torch":15,"minecraft:oak_log":33,"minecraft:sticky_piston":16,"minecraft:piston":1,"minecraft:lever":1,"minecraft:blue_glazed_terracotta":1,"minecraft:black_concrete":5,"minecraft:firework_rocket":135,"minecraft:crying_obsidian":425,"minecraft:mace":5,"minecraft:stripped_jungle_log":17,"minecraft:command_block":43,"minecraft:wind_charge":18,"minecraft:heavy_weighted_pressure_plate":3,"minecraft:barrier":125,"minecraft:oak_button":26,"minecraft:iron_pickaxe":100,"minecraft:stone_button":26,"minecraft:netherite_axe":80,"minecraft:lectern":9,"minecraft:white_glazed_terracotta":13,"minecraft:iron_door":7,"minecraft:deepslate":341,"minecraft:cat_spawn_egg":9,"minecraft:crimson_sign":4,"minecraft:evoker_spawn_egg":4,"minecraft:coal_block":8,"minecraft:cobblestone":2,"minecraft:potion":1,"minecraft:end_crystal":4,"minecraft:white_banner":7,"minecraft:smithing_table":2,"minecraft:dark_oak_fence":90,"minecraft:medium_amethyst_bud":33,"minecraft:chain_command_block":59,"minecraft:black_candle":6,"minecraft:chain":21,"minecraft:glass_pane":7,"minecraft:magenta_glazed_terracotta":18,"minecraft:repeating_command_block":13,"minecraft:polished_blackstone_button":1,"minecraft:waxed_oxidized_copper_bulb":1,"minecraft:waxed_copper_bulb":29,"minecraft:pillager_spawn_egg":23,"minecraft:cobweb":35},"minecraft:killed_by":{"minecraft:ravager":1},"minecraft:picked_up":{"minecraft:wooden_axe":1,"minecraft:black_carpet":6,"minecraft:item_frame":6,"minecraft:white_carpet":1,"minecraft:comparator":2,"minecraft:redstone_torch":3,"minecraft:iron_pickaxe":1,"minecraft:tipped_arrow":2,"minecraft:torch":2,"minecraft:stone_button":6,"minecraft:mangrove_sign":1,"minecraft:redstone":53,"minecraft:stone_pressure_plate":2,"minecraft:rotten_flesh":1,"minecraft:repeating_command_block":1,"minecraft:arrow":1,"minecraft:saddle":6,"minecraft:totem_of_undying":1,"minecraft:netherite_chestplate":1,"minecraft:iron_bars":1,"minecraft:cobblestone":39,"minecraft:netherite_boots":1,"minecraft:barrier":1,"minecraft:repeater":2,"minecraft:iron_door":1,"minecraft:filled_map":3,"minecraft:netherite_leggings":1,"minecraft:red_carpet":12,"minecraft:bone":1,"minecraft:wheat_seeds":7,"minecraft:book":9,"minecraft:scaffolding":41,"minecraft:lime_terracotta":2,"minecraft:amethyst_shard":8,"minecraft:spruce_sapling":6,"minecraft:grass_block":1,"minecraft:netherite_helmet":1,"minecraft:lever":1,"minecraft:polished_blackstone_button":1,"minecraft:granite":59,"minecraft:oak_button":7},"minecraft:custom":{"minecraft:interact_with_anvil":14,"minecraft:mob_kills":32,"minecraft:open_barrel":8,"minecraft:leave_game":19,"minecraft:time_since_death":113569,"minecraft:climb_one_cm":1009,"minecraft:sprint_one_cm":250805,"minecraft:walk_one_cm":1438663,"minecraft:drop":18,"minecraft:talked_to_villager":30,"minecraft:strider_one_cm":5531,"minecraft:sneak_time":45055,"minecraft:play_time":1209320,"minecraft:deaths":2,"minecraft:walk_under_water_one_cm":9322,"minecraft:interact_with_lectern":3,"minecraft:jump":4085,"minecraft:interact_with_blast_furnace":3,"minecraft:walk_on_water_one_cm":12904,"minecraft:total_world_time":1209320,"minecraft:interact_with_furnace":1,"minecraft:time_since_rest":113601,"minecraft:damage_taken":896,"minecraft:damage_absorbed":129,"minecraft:trigger_trapped_chest":9,"minecraft:damage_dealt":11468,"minecraft:fly_one_cm":6528173,"minecraft:open_chest":34,"minecraft:crouch_one_cm":59791,"minecraft:aviate_one_cm":2086383,"minecraft:fall_one_cm":2446}},"DataVersion":3955}