{"stats":{"minecraft:mined":{"minecraft:lever":1,"minecraft:stone_button":2,"minecraft:calibrated_sculk_sensor":1,"minecraft:sculk_sensor":3,"minecraft:polished_blackstone_button":1,"minecraft:oak_button":1},"minecraft:killed":{"minecraft:spider":1,"minecraft:wandering_trader":1,"minecraft:strider":1,"minecraft:creeper":2,"minecraft:skeleton":1,"minecraft:zombie":1,"minecraft:villager":10},"minecraft:dropped":{"minecraft:bread":128,"minecraft:repeating_command_block":1,"minecraft:lime_terracotta":2,"minecraft:barrier":1,"minecraft:mangrove_sign":1,"minecraft:grass_block":2,"minecraft:wooden_axe":1},"minecraft:used":{"minecraft:oak_fence":3,"minecraft:dark_oak_stairs":2,"minecraft:trident":9,"minecraft:chiseled_bookshelf":3,"minecraft:mossy_stone_bricks":8,"minecraft:water_bucket":2,"minecraft:end_rod":24,"minecraft:dirt_path":2,"minecraft:writable_book":4,"minecraft:iron_bars":61,"minecraft:amethyst_block":7,"minecraft:torchflower":3,"minecraft:pink_glazed_terracotta":1,"minecraft:flint_and_steel":248,"minecraft:armor_stand":7,"minecraft:redstone":93,"minecraft:oak_sign":2,"minecraft:light_gray_carpet":1,"minecraft:ender_pearl":5,"minecraft:chest":29,"minecraft:sandstone":15,"minecraft:mossy_stone_brick_stairs":29,"minecraft:purple_glazed_terracotta":13,"minecraft:redstone_block":77,"minecraft:warped_sign":1,"minecraft:glow_ink_sac":13,"minecraft:wooden_shovel":1,"minecraft:bubble_coral":1,"minecraft:calibrated_sculk_sensor":6,"minecraft:mangrove_hanging_sign":1,"minecraft:large_amethyst_bud":5,"minecraft:cracked_stone_bricks":75,"minecraft:sculk_sensor":4,"minecraft:oak_door":2,"minecraft:mossy_cobblestone":63,"minecraft:diamond_block":6,"minecraft:anvil":6,"minecraft:dirt":180,"minecraft:lime_terracotta":1,"minecraft:target":3,"minecraft:yellow_terracotta":3,"minecraft:strider_spawn_egg":1,"minecraft:blast_furnace":12,"minecraft:campfire":4,"minecraft:golden_shovel":72,"minecraft:mangrove_sign":12,"minecraft:cobbled_deepslate_stairs":44,"minecraft:spruce_log":165,"minecraft:book":11,"minecraft:glass":83,"minecraft:sticky_piston":2,"minecraft:redstone_torch":7,"minecraft:oak_log":33,"minecraft:amethyst_cluster":22,"minecraft:wooden_axe":15,"minecraft:lever":1,"minecraft:stone_brick_slab":4,"minecraft:piston":1,"minecraft:blue_glazed_terracotta":1,"minecraft:honeycomb":1,"minecraft:black_concrete":5,"minecraft:firework_rocket":47,"minecraft:coal_ore":29,"minecraft:villager_spawn_egg":11,"minecraft:crying_obsidian":275,"minecraft:stripped_jungle_log":17,"minecraft:command_block":29,"minecraft:heavy_weighted_pressure_plate":3,"minecraft:wind_charge":18,"minecraft:light_weighted_pressure_plate":1,"minecraft:grass_block":1108,"minecraft:oak_button":26,"minecraft:spruce_button":2,"minecraft:barrier":101,"minecraft:stone_button":22,"minecraft:netherite_axe":30,"minecraft:white_glazed_terracotta":13,"minecraft:lectern":7,"minecraft:red_candle":4,"minecraft:deepslate":92,"minecraft:barrel":21,"minecraft:stone_brick_stairs":4,"minecraft:stone_bricks":60,"minecraft:bedrock":193,"minecraft:item_frame":15,"minecraft:crimson_sign":4,"minecraft:coal_block":8,"minecraft:repeater":2,"minecraft:purple_concrete":1,"minecraft:medium_amethyst_bud":6,"minecraft:potion":1,"minecraft:hay_block":44,"minecraft:written_book":9,"minecraft:scaffolding":57,"minecraft:pitcher_plant":3,"minecraft:white_banner":1,"minecraft:smithing_table":2,"minecraft:podzol":26,"minecraft:chain_command_block":46,"minecraft:black_candle":6,"minecraft:glass_pane":5,"minecraft:magenta_glazed_terracotta":10,"minecraft:gold_block":6,"minecraft:repeating_command_block":13,"minecraft:trapped_chest":2,"minecraft:polished_blackstone_button":1,"minecraft:stone_pressure_plate":28,"minecraft:waxed_copper_bulb":20,"minecraft:cobweb":35},"minecraft:picked_up":{"minecraft:wooden_axe":1,"minecraft:barrier":1,"minecraft:filled_map":3,"minecraft:item_frame":2,"minecraft:bone":1,"minecraft:wheat_seeds":7,"minecraft:redstone_torch":1,"minecraft:book":9,"minecraft:scaffolding":41,"minecraft:lime_terracotta":2,"minecraft:amethyst_shard":4,"minecraft:stone_button":4,"minecraft:spruce_sapling":6,"minecraft:mangrove_sign":1,"minecraft:grass_block":1,"minecraft:redstone":19,"minecraft:repeating_command_block":1,"minecraft:arrow":1,"minecraft:rotten_flesh":1,"minecraft:lever":1,"minecraft:polished_blackstone_button":1,"minecraft:oak_button":7},"minecraft:custom":{"minecraft:interact_with_furnace":1,"minecraft:mob_kills":18,"minecraft:interact_with_anvil":3,"minecraft:open_barrel":5,"minecraft:leave_game":13,"minecraft:time_since_death":759577,"minecraft:climb_one_cm":1009,"minecraft:time_since_rest":759611,"minecraft:sprint_one_cm":140365,"minecraft:damage_taken":60,"minecraft:walk_one_cm":899186,"minecraft:trigger_trapped_chest":5,"minecraft:drop":9,"minecraft:damage_dealt":3136,"minecraft:talked_to_villager":30,"minecraft:fly_one_cm":4837025,"minecraft:open_chest":21,"minecraft:strider_one_cm":5531,"minecraft:crouch_one_cm":37302,"minecraft:play_time":773049,"minecraft:deaths":1,"minecraft:sneak_time":30441,"minecraft:walk_under_water_one_cm":6840,"minecraft:interact_with_lectern":3,"minecraft:aviate_one_cm":591438,"minecraft:jump":2571,"minecraft:interact_with_blast_furnace":3,"minecraft:walk_on_water_one_cm":5306,"minecraft:total_world_time":773049,"minecraft:fall_one_cm":2446}},"DataVersion":3955}