{"stats":{"minecraft:used":{"minecraft:bedrock":146,"minecraft:firework_rocket":30},"minecraft:custom":{"minecraft:jump":119,"minecraft:time_since_rest":13460,"minecraft:damage_taken":50,"minecraft:leave_game":1,"minecraft:crouch_one_cm":340,"minecraft:time_since_death":13426,"minecraft:play_time":26898,"minecraft:sprint_one_cm":3032,"minecraft:walk_one_cm":10988,"minecraft:walk_on_water_one_cm":402,"minecraft:deaths":1,"minecraft:sneak_time":1710,"minecraft:total_world_time":26898,"minecraft:walk_under_water_one_cm":1496,"minecraft:fall_one_cm":752,"minecraft:fly_one_cm":298186,"minecraft:aviate_one_cm":313472}},"DataVersion":3955}