{"stats":{"minecraft:used":{"minecraft:trident":1,"minecraft:redstone_torch":7,"minecraft:oak_log":33,"minecraft:oak_fence":3,"minecraft:stone_brick_slab":2,"minecraft:wooden_axe":15,"minecraft:water_bucket":1,"minecraft:writable_book":3,"minecraft:iron_bars":30,"minecraft:firework_rocket":47,"minecraft:crying_obsidian":41,"minecraft:command_block":16,"minecraft:stripped_jungle_log":17,"minecraft:flint_and_steel":245,"minecraft:grass_block":716,"minecraft:barrier":93,"minecraft:redstone":31,"minecraft:oak_button":19,"minecraft:netherite_axe":30,"minecraft:lectern":1,"minecraft:redstone_block":26,"minecraft:stone_bricks":50,"minecraft:mangrove_hanging_sign":1,"minecraft:cracked_stone_bricks":30,"minecraft:bedrock":189,"minecraft:lime_terracotta":1,"minecraft:mossy_cobblestone":36,"minecraft:dirt":31,"minecraft:yellow_terracotta":3,"minecraft:strider_spawn_egg":1,"minecraft:written_book":9,"minecraft:scaffolding":57,"minecraft:white_banner":1,"minecraft:gold_block":6,"minecraft:chain_command_block":37,"minecraft:repeating_command_block":13,"minecraft:stone_pressure_plate":3,"minecraft:mangrove_sign":3,"minecraft:spruce_log":163},"minecraft:dropped":{"minecraft:repeating_command_block":1,"minecraft:lime_terracotta":2,"minecraft:barrier":1,"minecraft:mangrove_sign":1,"minecraft:grass_block":2},"minecraft:custom":{"minecraft:time_since_rest":381995,"minecraft:sprint_one_cm":61794,"minecraft:damage_taken":60,"minecraft:walk_one_cm":372021,"minecraft:mob_kills":18,"minecraft:drop":6,"minecraft:damage_dealt":3136,"minecraft:talked_to_villager":30,"minecraft:fly_one_cm":2062535,"minecraft:open_chest":3,"minecraft:strider_one_cm":5531,"minecraft:crouch_one_cm":13846,"minecraft:play_time":395433,"minecraft:deaths":1,"minecraft:sneak_time":13416,"minecraft:walk_under_water_one_cm":4866,"minecraft:interact_with_lectern":1,"minecraft:aviate_one_cm":563519,"minecraft:jump":1424,"minecraft:leave_game":5,"minecraft:walk_on_water_one_cm":2651,"minecraft:time_since_death":381961,"minecraft:climb_one_cm":1009,"minecraft:total_world_time":395433,"minecraft:fall_one_cm":2446},"minecraft:picked_up":{"minecraft:scaffolding":41,"minecraft:barrier":1,"minecraft:lime_terracotta":2,"minecraft:spruce_sapling":4,"minecraft:mangrove_sign":1,"minecraft:grass_block":1,"minecraft:redstone":8,"minecraft:arrow":1,"minecraft:bone":1,"minecraft:repeating_command_block":1,"minecraft:rotten_flesh":1,"minecraft:redstone_torch":1,"minecraft:oak_button":4},"minecraft:killed":{"minecraft:skeleton":1,"minecraft:zombie":1,"minecraft:spider":1,"minecraft:wandering_trader":1,"minecraft:strider":1,"minecraft:villager":10,"minecraft:creeper":2}},"DataVersion":3955}