{"stats":{"minecraft:mined":{"minecraft:lever":1,"minecraft:stone_button":2,"minecraft:calibrated_sculk_sensor":1,"minecraft:polished_blackstone_button":1,"minecraft:sculk_sensor":3,"minecraft:oak_button":1},"minecraft:killed":{"minecraft:vindicator":1,"minecraft:spider":1,"minecraft:skeleton":1,"minecraft:wandering_trader":1,"minecraft:strider":1,"minecraft:creeper":2,"minecraft:pillager":1,"minecraft:zombie":1,"minecraft:villager":10},"minecraft:dropped":{"minecraft:bread":128,"minecraft:repeating_command_block":1,"minecraft:lime_terracotta":2,"minecraft:barrier":1,"minecraft:elytra":1,"minecraft:grass_block":2,"minecraft:wooden_axe":1,"minecraft:mangrove_sign":1},"minecraft:used":{"minecraft:oak_fence":3,"minecraft:trident":9,"minecraft:writable_book":4,"minecraft:iron_bars":91,"minecraft:flint_and_steel":249,"minecraft:armor_stand":7,"minecraft:redstone":269,"minecraft:elytra":2,"minecraft:oak_sign":2,"minecraft:light_gray_carpet":1,"minecraft:chest":30,"minecraft:warped_sign":4,"minecraft:wooden_shovel":1,"minecraft:bubble_coral":1,"minecraft:mangrove_hanging_sign":1,"minecraft:netherrack":4,"minecraft:sculk_sensor":4,"minecraft:oak_door":2,"minecraft:dirt":199,"minecraft:target":5,"minecraft:anvil":8,"minecraft:deepslate_brick_slab":1,"minecraft:golden_shovel":72,"minecraft:obsidian":8,"minecraft:glass":83,"minecraft:stone_brick_slab":4,"minecraft:wooden_axe":16,"minecraft:honeycomb":1,"minecraft:coal_ore":29,"minecraft:villager_spawn_egg":11,"minecraft:light_weighted_pressure_plate":1,"minecraft:grass_block":1130,"minecraft:spruce_button":2,"minecraft:red_candle":4,"minecraft:barrel":21,"minecraft:stone_brick_stairs":4,"minecraft:stone_bricks":73,"minecraft:item_frame":26,"minecraft:bedrock":232,"minecraft:birch_button":1,"minecraft:purple_concrete":1,"minecraft:glowstone":112,"minecraft:repeater":17,"minecraft:hay_block":44,"minecraft:written_book":9,"minecraft:scaffolding":57,"minecraft:pitcher_plant":3,"minecraft:podzol":26,"minecraft:gold_block":6,"minecraft:trapped_chest":2,"minecraft:stone_pressure_plate":42,"minecraft:water_bucket":2,"minecraft:dark_oak_stairs":2,"minecraft:chiseled_bookshelf":3,"minecraft:mossy_stone_bricks":8,"minecraft:end_rod":30,"minecraft:amethyst_block":7,"minecraft:torchflower":3,"minecraft:dirt_path":2,"minecraft:pink_glazed_terracotta":1,"minecraft:spruce_door":6,"minecraft:ender_pearl":5,"minecraft:sandstone":15,"minecraft:mossy_stone_brick_stairs":29,"minecraft:purple_glazed_terracotta":13,"minecraft:brown_mushroom":1,"minecraft:redstone_block":83,"minecraft:diamond_axe":2,"minecraft:glow_ink_sac":16,"minecraft:vindicator_spawn_egg":3,"minecraft:calibrated_sculk_sensor":6,"minecraft:cracked_stone_bricks":75,"minecraft:large_amethyst_bud":5,"minecraft:mossy_cobblestone":63,"minecraft:diamond_block":6,"minecraft:lime_terracotta":1,"minecraft:comparator":14,"minecraft:yellow_terracotta":3,"minecraft:strider_spawn_egg":1,"minecraft:red_mushroom":4,"minecraft:blast_furnace":12,"minecraft:campfire":4,"minecraft:mangrove_sign":14,"minecraft:cobbled_deepslate_stairs":56,"minecraft:spruce_log":165,"minecraft:deepslate_brick_stairs":5,"minecraft:book":11,"minecraft:amethyst_cluster":44,"minecraft:redstone_torch":15,"minecraft:oak_log":33,"minecraft:sticky_piston":15,"minecraft:piston":1,"minecraft:lever":1,"minecraft:blue_glazed_terracotta":1,"minecraft:black_concrete":5,"minecraft:firework_rocket":81,"minecraft:crying_obsidian":391,"minecraft:stripped_jungle_log":17,"minecraft:command_block":37,"minecraft:heavy_weighted_pressure_plate":3,"minecraft:wind_charge":18,"minecraft:barrier":125,"minecraft:oak_button":26,"minecraft:stone_button":26,"minecraft:netherite_axe":33,"minecraft:lectern":9,"minecraft:white_glazed_terracotta":13,"minecraft:iron_door":7,"minecraft:deepslate":341,"minecraft:cat_spawn_egg":9,"minecraft:crimson_sign":4,"minecraft:evoker_spawn_egg":1,"minecraft:coal_block":8,"minecraft:potion":1,"minecraft:white_banner":7,"minecraft:smithing_table":2,"minecraft:medium_amethyst_bud":33,"minecraft:chain":21,"minecraft:polished_blackstone_button":1,"minecraft:chain_command_block":56,"minecraft:magenta_glazed_terracotta":10,"minecraft:glass_pane":5,"minecraft:black_candle":6,"minecraft:repeating_command_block":13,"minecraft:waxed_oxidized_copper_bulb":1,"minecraft:waxed_copper_bulb":29,"minecraft:pillager_spawn_egg":5,"minecraft:cobweb":35},"minecraft:picked_up":{"minecraft:wooden_axe":1,"minecraft:item_frame":6,"minecraft:comparator":2,"minecraft:redstone_torch":2,"minecraft:tipped_arrow":2,"minecraft:stone_button":6,"minecraft:mangrove_sign":1,"minecraft:redstone":50,"minecraft:rotten_flesh":1,"minecraft:arrow":1,"minecraft:repeating_command_block":1,"minecraft:barrier":1,"minecraft:repeater":2,"minecraft:iron_door":1,"minecraft:filled_map":3,"minecraft:bone":1,"minecraft:wheat_seeds":7,"minecraft:book":9,"minecraft:scaffolding":41,"minecraft:lime_terracotta":2,"minecraft:amethyst_shard":6,"minecraft:spruce_sapling":6,"minecraft:grass_block":1,"minecraft:lever":1,"minecraft:polished_blackstone_button":1,"minecraft:oak_button":7},"minecraft:custom":{"minecraft:interact_with_anvil":8,"minecraft:mob_kills":21,"minecraft:open_barrel":5,"minecraft:leave_game":15,"minecraft:time_since_death":1010687,"minecraft:climb_one_cm":1009,"minecraft:sprint_one_cm":194547,"minecraft:walk_one_cm":1234117,"minecraft:drop":10,"minecraft:talked_to_villager":30,"minecraft:strider_one_cm":5531,"minecraft:play_time":1024159,"minecraft:sneak_time":38996,"minecraft:deaths":1,"minecraft:walk_under_water_one_cm":6840,"minecraft:interact_with_lectern":3,"minecraft:jump":3380,"minecraft:interact_with_blast_furnace":3,"minecraft:walk_on_water_one_cm":5306,"minecraft:total_world_time":1024159,"minecraft:interact_with_furnace":1,"minecraft:time_since_rest":1010721,"minecraft:damage_taken":60,"minecraft:trigger_trapped_chest":5,"minecraft:damage_dealt":3730,"minecraft:fly_one_cm":5676542,"minecraft:open_chest":22,"minecraft:crouch_one_cm":53241,"minecraft:aviate_one_cm":1115729,"minecraft:fall_one_cm":2446}},"DataVersion":3955}