{"stats":{"minecraft:used":{"minecraft:bedrock":151,"minecraft:firework_rocket":30,"minecraft:grass_block":5},"minecraft:custom":{"minecraft:jump":142,"minecraft:time_since_rest":25460,"minecraft:damage_taken":50,"minecraft:leave_game":1,"minecraft:crouch_one_cm":770,"minecraft:time_since_death":25426,"minecraft:play_time":38898,"minecraft:sprint_one_cm":4971,"minecraft:walk_one_cm":12334,"minecraft:walk_on_water_one_cm":402,"minecraft:deaths":1,"minecraft:sneak_time":2209,"minecraft:total_world_time":38898,"minecraft:walk_under_water_one_cm":1496,"minecraft:drop":1,"minecraft:fall_one_cm":752,"minecraft:fly_one_cm":368291,"minecraft:aviate_one_cm":315049},"minecraft:dropped":{"minecraft:grass_block":1}},"DataVersion":3955}