{"stats":{"minecraft:used":{"minecraft:jungle_log":6,"minecraft:trapped_chest":1,"minecraft:chain_command_block":1,"minecraft:stone_button":5,"minecraft:command_block":5},"minecraft:picked_up":{"minecraft:stone_button":4},"minecraft:custom":{"minecraft:jump":40,"minecraft:time_since_rest":50843,"minecraft:crouch_one_cm":186,"minecraft:play_time":50843,"minecraft:leave_game":4,"minecraft:sprint_one_cm":1408,"minecraft:time_since_death":50843,"minecraft:walk_one_cm":5802,"minecraft:sneak_time":558,"minecraft:total_world_time":50843,"minecraft:fly_one_cm":71533}},"DataVersion":3463}