{"stats":{"minecraft:killed":{"minecraft:spider":1,"minecraft:wandering_trader":1,"minecraft:strider":1,"minecraft:creeper":2,"minecraft:skeleton":1,"minecraft:zombie":1,"minecraft:villager":10},"minecraft:dropped":{"minecraft:repeating_command_block":1,"minecraft:lime_terracotta":2,"minecraft:barrier":1,"minecraft:mangrove_sign":1,"minecraft:grass_block":2,"minecraft:wooden_axe":1},"minecraft:used":{"minecraft:oak_fence":3,"minecraft:water_bucket":1,"minecraft:mossy_stone_bricks":8,"minecraft:trident":9,"minecraft:end_rod":4,"minecraft:dirt_path":2,"minecraft:writable_book":4,"minecraft:iron_bars":30,"minecraft:amethyst_block":7,"minecraft:torchflower":3,"minecraft:pink_glazed_terracotta":1,"minecraft:flint_and_steel":245,"minecraft:redstone":54,"minecraft:oak_sign":2,"minecraft:chest":2,"minecraft:mossy_stone_brick_stairs":29,"minecraft:purple_glazed_terracotta":13,"minecraft:redstone_block":32,"minecraft:glow_ink_sac":9,"minecraft:bubble_coral":1,"minecraft:calibrated_sculk_sensor":6,"minecraft:mangrove_hanging_sign":1,"minecraft:cracked_stone_bricks":75,"minecraft:sculk_sensor":4,"minecraft:mossy_cobblestone":62,"minecraft:dirt":92,"minecraft:lime_terracotta":1,"minecraft:anvil":1,"minecraft:yellow_terracotta":3,"minecraft:strider_spawn_egg":1,"minecraft:golden_shovel":72,"minecraft:mangrove_sign":11,"minecraft:spruce_log":165,"minecraft:piston":1,"minecraft:redstone_torch":7,"minecraft:oak_log":33,"minecraft:amethyst_cluster":4,"minecraft:wooden_axe":15,"minecraft:stone_brick_slab":4,"minecraft:lever":1,"minecraft:blue_glazed_terracotta":1,"minecraft:black_concrete":5,"minecraft:honeycomb":1,"minecraft:firework_rocket":47,"minecraft:crying_obsidian":70,"minecraft:stripped_jungle_log":17,"minecraft:command_block":21,"minecraft:wind_charge":18,"minecraft:heavy_weighted_pressure_plate":2,"minecraft:grass_block":898,"minecraft:spruce_button":1,"minecraft:oak_button":24,"minecraft:barrier":93,"minecraft:stone_button":2,"minecraft:netherite_axe":30,"minecraft:lectern":2,"minecraft:barrel":3,"minecraft:stone_brick_stairs":1,"minecraft:stone_bricks":58,"minecraft:bedrock":189,"minecraft:purple_concrete":1,"minecraft:potion":1,"minecraft:hay_block":40,"minecraft:pitcher_plant":3,"minecraft:written_book":9,"minecraft:scaffolding":57,"minecraft:white_banner":1,"minecraft:podzol":25,"minecraft:chain_command_block":44,"minecraft:glass_pane":5,"minecraft:magenta_glazed_terracotta":8,"minecraft:gold_block":6,"minecraft:repeating_command_block":13,"minecraft:polished_blackstone_button":1,"minecraft:stone_pressure_plate":7},"minecraft:mined":{"minecraft:lever":1,"minecraft:stone_button":2,"minecraft:sculk_sensor":3,"minecraft:calibrated_sculk_sensor":1,"minecraft:polished_blackstone_button":1},"minecraft:custom":{"minecraft:mob_kills":18,"minecraft:interact_with_anvil":3,"minecraft:open_barrel":4,"minecraft:leave_game":6,"minecraft:time_since_death":532146,"minecraft:climb_one_cm":1009,"minecraft:time_since_rest":532180,"minecraft:damage_taken":60,"minecraft:sprint_one_cm":83955,"minecraft:walk_one_cm":560535,"minecraft:trigger_trapped_chest":4,"minecraft:drop":7,"minecraft:damage_dealt":3136,"minecraft:talked_to_villager":30,"minecraft:fly_one_cm":2749135,"minecraft:open_chest":19,"minecraft:crouch_one_cm":20229,"minecraft:strider_one_cm":5531,"minecraft:play_time":545618,"minecraft:deaths":1,"minecraft:sneak_time":18109,"minecraft:walk_under_water_one_cm":4866,"minecraft:interact_with_lectern":2,"minecraft:aviate_one_cm":591438,"minecraft:jump":1892,"minecraft:walk_on_water_one_cm":2651,"minecraft:total_world_time":545618,"minecraft:fall_one_cm":2446},"minecraft:picked_up":{"minecraft:wooden_axe":1,"minecraft:barrier":1,"minecraft:bone":1,"minecraft:redstone_torch":1,"minecraft:scaffolding":41,"minecraft:lime_terracotta":2,"minecraft:stone_button":2,"minecraft:spruce_sapling":4,"minecraft:mangrove_sign":1,"minecraft:grass_block":1,"minecraft:redstone":13,"minecraft:arrow":1,"minecraft:repeating_command_block":1,"minecraft:rotten_flesh":1,"minecraft:lever":1,"minecraft:polished_blackstone_button":1,"minecraft:oak_button":6}},"DataVersion":3955}