{"stats":{"minecraft:dropped":{"minecraft:repeating_command_block":1,"minecraft:grass_block":1},"minecraft:used":{"minecraft:oak_fence":2,"minecraft:stone_brick_slab":2,"minecraft:wooden_axe":15,"minecraft:water_bucket":1,"minecraft:iron_bars":30,"minecraft:firework_rocket":40,"minecraft:crying_obsidian":11,"minecraft:flint_and_steel":245,"minecraft:command_block":1,"minecraft:grass_block":408,"minecraft:netherite_axe":9,"minecraft:redstone_block":6,"minecraft:stone_bricks":50,"minecraft:cracked_stone_bricks":30,"minecraft:bedrock":187,"minecraft:mossy_cobblestone":36,"minecraft:dirt":5,"minecraft:scaffolding":57,"minecraft:gold_block":6,"minecraft:repeating_command_block":5},"minecraft:killed":{"minecraft:skeleton":1,"minecraft:spider":1,"minecraft:villager":5,"minecraft:creeper":2},"minecraft:picked_up":{"minecraft:scaffolding":41,"minecraft:repeating_command_block":1,"minecraft:bone":1,"minecraft:arrow":1},"minecraft:custom":{"minecraft:time_since_rest":114118,"minecraft:sprint_one_cm":20172,"minecraft:damage_taken":50,"minecraft:walk_one_cm":111437,"minecraft:mob_kills":10,"minecraft:drop":2,"minecraft:damage_dealt":1717,"minecraft:talked_to_villager":9,"minecraft:fly_one_cm":741105,"minecraft:crouch_one_cm":4415,"minecraft:play_time":127556,"minecraft:deaths":1,"minecraft:sneak_time":4792,"minecraft:walk_under_water_one_cm":1619,"minecraft:aviate_one_cm":341084,"minecraft:jump":455,"minecraft:leave_game":4,"minecraft:time_since_death":114084,"minecraft:walk_on_water_one_cm":790,"minecraft:total_world_time":127556,"minecraft:climb_one_cm":1009,"minecraft:fall_one_cm":752}},"DataVersion":3955}