{"stats":{"minecraft:dropped":{"minecraft:repeating_command_block":1,"minecraft:mangrove_sign":1,"minecraft:grass_block":2},"minecraft:custom":{"minecraft:time_since_rest":295899,"minecraft:sprint_one_cm":54107,"minecraft:damage_taken":60,"minecraft:walk_one_cm":264630,"minecraft:mob_kills":17,"minecraft:drop":4,"minecraft:damage_dealt":2937,"minecraft:talked_to_villager":30,"minecraft:fly_one_cm":1233402,"minecraft:open_chest":3,"minecraft:crouch_one_cm":9211,"minecraft:play_time":309337,"minecraft:deaths":1,"minecraft:sneak_time":9009,"minecraft:walk_under_water_one_cm":1684,"minecraft:interact_with_lectern":1,"minecraft:aviate_one_cm":499874,"minecraft:jump":1134,"minecraft:walk_on_water_one_cm":873,"minecraft:leave_game":5,"minecraft:time_since_death":295865,"minecraft:climb_one_cm":1009,"minecraft:total_world_time":309337,"minecraft:fall_one_cm":2446},"minecraft:killed":{"minecraft:skeleton":1,"minecraft:zombie":1,"minecraft:spider":1,"minecraft:wandering_trader":1,"minecraft:villager":10,"minecraft:creeper":2},"minecraft:picked_up":{"minecraft:scaffolding":41,"minecraft:spruce_sapling":4,"minecraft:mangrove_sign":1,"minecraft:grass_block":1,"minecraft:redstone":8,"minecraft:bone":1,"minecraft:arrow":1,"minecraft:repeating_command_block":1,"minecraft:rotten_flesh":1,"minecraft:redstone_torch":1,"minecraft:oak_button":4},"minecraft:used":{"minecraft:redstone_torch":7,"minecraft:oak_log":33,"minecraft:oak_fence":3,"minecraft:stone_brick_slab":2,"minecraft:wooden_axe":15,"minecraft:water_bucket":1,"minecraft:writable_book":3,"minecraft:iron_bars":30,"minecraft:firework_rocket":47,"minecraft:crying_obsidian":29,"minecraft:stripped_jungle_log":17,"minecraft:flint_and_steel":245,"minecraft:command_block":13,"minecraft:grass_block":703,"minecraft:barrier":29,"minecraft:redstone":25,"minecraft:oak_button":18,"minecraft:netherite_axe":27,"minecraft:lectern":1,"minecraft:redstone_block":22,"minecraft:mangrove_hanging_sign":1,"minecraft:stone_bricks":50,"minecraft:cracked_stone_bricks":30,"minecraft:bedrock":189,"minecraft:mossy_cobblestone":36,"minecraft:dirt":5,"minecraft:written_book":9,"minecraft:scaffolding":57,"minecraft:white_banner":1,"minecraft:gold_block":6,"minecraft:chain_command_block":23,"minecraft:repeating_command_block":13,"minecraft:stone_pressure_plate":3,"minecraft:mangrove_sign":3}},"DataVersion":3955}