{"stats":{"minecraft:picked_up":{"minecraft:stone_button":4},"minecraft:used":{"minecraft:chain_command_block":1,"minecraft:stone_button":5,"minecraft:jungle_log":6,"minecraft:trapped_chest":1,"minecraft:command_block":4},"minecraft:custom":{"minecraft:jump":36,"minecraft:time_since_rest":30572,"minecraft:crouch_one_cm":137,"minecraft:sprint_one_cm":932,"minecraft:leave_game":3,"minecraft:play_time":30572,"minecraft:time_since_death":30572,"minecraft:walk_one_cm":5009,"minecraft:sneak_time":253,"minecraft:total_world_time":30572,"minecraft:fly_one_cm":30143}},"DataVersion":3463}