{"stats":{"minecraft:used":{"minecraft:bedrock":65,"minecraft:firework_rocket":16},"minecraft:custom":{"minecraft:jump":38,"minecraft:time_since_rest":11071,"minecraft:walk_on_water_one_cm":207,"minecraft:crouch_one_cm":55,"minecraft:leave_game":1,"minecraft:play_time":11071,"minecraft:sprint_one_cm":280,"minecraft:damage_taken":50,"minecraft:time_since_death":11071,"minecraft:walk_one_cm":3690,"minecraft:sneak_time":730,"minecraft:walk_under_water_one_cm":1496,"minecraft:total_world_time":11071,"minecraft:fall_one_cm":752,"minecraft:fly_one_cm":83822,"minecraft:aviate_one_cm":115638}},"DataVersion":3955}