{"stats":{"minecraft:dropped":{"minecraft:repeating_command_block":1,"minecraft:grass_block":1},"minecraft:used":{"minecraft:redstone_torch":3,"minecraft:oak_fence":3,"minecraft:stone_brick_slab":2,"minecraft:wooden_axe":15,"minecraft:water_bucket":1,"minecraft:iron_bars":30,"minecraft:firework_rocket":40,"minecraft:crying_obsidian":11,"minecraft:flint_and_steel":245,"minecraft:command_block":1,"minecraft:grass_block":411,"minecraft:barrier":9,"minecraft:netherite_axe":12,"minecraft:redstone_block":9,"minecraft:stone_bricks":50,"minecraft:cracked_stone_bricks":30,"minecraft:bedrock":187,"minecraft:mossy_cobblestone":36,"minecraft:dirt":5,"minecraft:scaffolding":57,"minecraft:chain_command_block":3,"minecraft:gold_block":6,"minecraft:repeating_command_block":8},"minecraft:picked_up":{"minecraft:scaffolding":41,"minecraft:bone":1,"minecraft:arrow":1,"minecraft:repeating_command_block":1,"minecraft:rotten_flesh":1},"minecraft:custom":{"minecraft:time_since_rest":125184,"minecraft:sprint_one_cm":23865,"minecraft:damage_taken":60,"minecraft:walk_one_cm":125941,"minecraft:mob_kills":11,"minecraft:drop":2,"minecraft:damage_dealt":1917,"minecraft:talked_to_villager":15,"minecraft:fly_one_cm":754755,"minecraft:crouch_one_cm":4535,"minecraft:play_time":138622,"minecraft:deaths":1,"minecraft:sneak_time":5093,"minecraft:walk_under_water_one_cm":1684,"minecraft:aviate_one_cm":347934,"minecraft:jump":492,"minecraft:leave_game":4,"minecraft:walk_on_water_one_cm":873,"minecraft:time_since_death":125150,"minecraft:total_world_time":138622,"minecraft:climb_one_cm":1009,"minecraft:fall_one_cm":1345},"minecraft:killed":{"minecraft:skeleton":1,"minecraft:zombie":1,"minecraft:spider":1,"minecraft:villager":5,"minecraft:creeper":2}},"DataVersion":3955}