{"stats":{"minecraft:dropped":{"minecraft:grass_block":1},"minecraft:used":{"minecraft:wooden_axe":15,"minecraft:water_bucket":1,"minecraft:bedrock":184,"minecraft:cracked_stone_bricks":30,"minecraft:mossy_cobblestone":34,"minecraft:firework_rocket":40,"minecraft:dirt":5,"minecraft:crying_obsidian":11,"minecraft:command_block":1,"minecraft:flint_and_steel":245,"minecraft:scaffolding":57,"minecraft:grass_block":403,"minecraft:netherite_axe":6,"minecraft:gold_block":6,"minecraft:repeating_command_block":5,"minecraft:redstone_block":6,"minecraft:stone_bricks":25},"minecraft:killed":{"minecraft:skeleton":1,"minecraft:villager":4,"minecraft:creeper":2,"minecraft:spider":1},"minecraft:picked_up":{"minecraft:scaffolding":41,"minecraft:arrow":1,"minecraft:bone":1},"minecraft:custom":{"minecraft:time_since_rest":102118,"minecraft:crouch_one_cm":4346,"minecraft:damage_taken":50,"minecraft:sprint_one_cm":19762,"minecraft:play_time":115556,"minecraft:deaths":1,"minecraft:walk_one_cm":92851,"minecraft:sneak_time":4690,"minecraft:walk_under_water_one_cm":1496,"minecraft:mob_kills":9,"minecraft:drop":1,"minecraft:aviate_one_cm":338975,"minecraft:jump":405,"minecraft:damage_dealt":1517,"minecraft:leave_game":4,"minecraft:walk_on_water_one_cm":484,"minecraft:time_since_death":102084,"minecraft:climb_one_cm":1009,"minecraft:total_world_time":115556,"minecraft:talked_to_villager":9,"minecraft:fall_one_cm":752,"minecraft:fly_one_cm":739267}},"DataVersion":3955}