{"stats":{"minecraft:used":{"minecraft:bedrock":82,"minecraft:firework_rocket":19},"minecraft:custom":{"minecraft:jump":69,"minecraft:time_since_rest":2250,"minecraft:deaths":1,"minecraft:damage_taken":50,"minecraft:crouch_one_cm":73,"minecraft:leave_game":1,"minecraft:play_time":15688,"minecraft:sprint_one_cm":606,"minecraft:time_since_death":2216,"minecraft:walk_on_water_one_cm":207,"minecraft:walk_one_cm":5474,"minecraft:sneak_time":892,"minecraft:total_world_time":15688,"minecraft:walk_under_water_one_cm":1496,"minecraft:fall_one_cm":752,"minecraft:fly_one_cm":124703,"minecraft:aviate_one_cm":233389}},"DataVersion":3955}