{
  "type": "com.loohp.imageframe.objectholders.URLStaticImageMap",
  "index": 0,
  "name": "talcual",
  "url": "https://th.bing.com/th/id/OIP.YYiEfoniPAKYq1YmkLLoIAHaE7?rs\u003d1\u0026pid\u003dImgDetMain",
  "width": 4,
  "height": 3,
  "ditheringType": "nearest-color",
  "creator": "97cc73d8-848f-38d1-a344-2464e05bcc6c",
  "hasAccess": {},
  "creationTime": 1725509916665,
  "mapdata": [
    {
      "mapid": 0,
      "image": "0.png",
      "markers": []
    },
    {
      "mapid": 1,
      "image": "1.png",
      "markers": []
    },
    {
      "mapid": 2,
      "image": "2.png",
      "markers": []
    },
    {
      "mapid": 3,
      "image": "3.png",
      "markers": []
    },
    {
      "mapid": 4,
      "image": "4.png",
      "markers": []
    },
    {
      "mapid": 5,
      "image": "5.png",
      "markers": []
    },
    {
      "mapid": 6,
      "image": "6.png",
      "markers": []
    },
    {
      "mapid": 7,
      "image": "7.png",
      "markers": []
    },
    {
      "mapid": 8,
      "image": "8.png",
      "markers": []
    },
    {
      "mapid": 9,
      "image": "9.png",
      "markers": []
    },
    {
      "mapid": 10,
      "image": "10.png",
      "markers": []
    },
    {
      "mapid": 11,
      "image": "11.png",
      "markers": []
    }
  ]
}
